{"cameraMode":{"drawMode":0,"name":"Shaded","section":"Shading Mode"},"sceneLighting":true,"audioPlay":false,"sceneViewState":{"m_AlwaysRefresh":false,"showFog":true,"showSkybox":true,"showFlares":true,"showImageEffects":true,"showParticleSystems":true,"showVisualEffectGraphs":true,"m_FxEnabled":true},"in2DMode":false,"pivot":{"x":-23.726600646972658,"y":-7.040157318115234,"z":42.34590530395508},"rotation":{"x":0.06290114670991898,"y":-0.8650578856468201,"z":0.11221566051244736,"w":0.48489832878112795},"size":25.238950729370118,"orthographic":false}