{"cameraMode":{"drawMode":0,"name":"Shaded","section":"Shading Mode"},"sceneLighting":true,"audioPlay":false,"sceneViewState":{"m_AlwaysRefresh":false,"showFog":true,"showSkybox":true,"showFlares":true,"showImageEffects":true,"showParticleSystems":true,"showVisualEffectGraphs":true,"m_FxEnabled":true},"in2DMode":false,"pivot":{"x":0.01864713430404663,"y":4.830268383026123,"z":-13.374653816223145},"rotation":{"x":0.06290114670991898,"y":-0.8650578856468201,"z":0.11221566051244736,"w":0.48489832878112795},"size":1.4660253524780274,"orthographic":false}