{"cameraMode":{"drawMode":0,"name":"Shaded","section":"Shading Mode"},"sceneLighting":true,"audioPlay":false,"sceneViewState":{"m_AlwaysRefresh":false,"showFog":true,"showSkybox":true,"showFlares":true,"showImageEffects":true,"showParticleSystems":true,"showVisualEffectGraphs":true,"m_FxEnabled":true},"in2DMode":false,"pivot":{"x":-22.932594299316408,"y":-2.430710792541504,"z":27.815549850463868},"rotation":{"x":0.06290114670991898,"y":-0.8650578856468201,"z":0.11221566051244736,"w":0.48489832878112795},"size":16.999094009399415,"orthographic":false}