{"cameraMode":{"drawMode":0,"name":"Shaded","section":"Shading Mode"},"sceneLighting":false,"audioPlay":false,"sceneViewState":{"m_AlwaysRefresh":false,"showFog":true,"showSkybox":false,"showFlares":true,"showImageEffects":true,"showParticleSystems":true,"showVisualEffectGraphs":true,"m_FxEnabled":true},"in2DMode":false,"pivot":{"x":1.1062705516815186,"y":4.7410993576049809,"z":1.6053169965744019},"rotation":{"x":-0.049973227083683017,"y":0.7566522359848023,"z":-0.0582314133644104,"w":-0.6493110656738281},"size":3.5756869316101076,"orthographic":false}