{"cameraMode":{"drawMode":0,"name":"Shaded","section":"Shading Mode"},"sceneLighting":false,"audioPlay":false,"sceneViewState":{"m_AlwaysRefresh":false,"showFog":true,"showSkybox":false,"showFlares":true,"showImageEffects":true,"showParticleSystems":true,"showVisualEffectGraphs":true,"m_FxEnabled":true},"in2DMode":false,"pivot":{"x":-0.15044212341308595,"y":3.630156993865967,"z":-0.18327581882476808},"rotation":{"x":-0.049973227083683017,"y":0.7566522359848023,"z":-0.0582314133644104,"w":-0.6493110656738281},"size":3.324744701385498,"orthographic":false}